{"cameraMode":{"drawMode":0,"name":"Shaded","section":"Shading Mode"},"sceneLighting":false,"audioPlay":false,"sceneViewState":{"m_AlwaysRefresh":false,"showFog":true,"showSkybox":false,"showFlares":true,"showImageEffects":true,"showParticleSystems":true,"showVisualEffectGraphs":true,"m_FxEnabled":true},"in2DMode":false,"pivot":{"x":0.6143712997436523,"y":0.1486176997423172,"z":2.8194422721862795},"rotation":{"x":0.15879690647125245,"y":-0.7597551941871643,"z":0.2001829296350479,"w":0.5983425378799439},"size":1.4750548601150513,"orthographic":false}