{"cameraMode":{"drawMode":0,"name":"Shaded","section":"Shading Mode"},"sceneLighting":false,"audioPlay":false,"sceneViewState":{"m_AlwaysRefresh":false,"showFog":true,"showSkybox":false,"showFlares":true,"showImageEffects":true,"showParticleSystems":true,"showVisualEffectGraphs":true,"m_FxEnabled":true},"in2DMode":false,"pivot":{"x":-0.81951904296875,"y":1.0119028091430665,"z":3.2391610145568849},"rotation":{"x":-0.013517494313418866,"y":-0.9759269952774048,"z":0.20867083966732026,"w":-0.06562741100788117},"size":2.8234543800354006,"orthographic":false}