{"cameraMode":{"drawMode":0,"name":"Shaded","section":"Shading Mode"},"sceneLighting":false,"audioPlay":false,"sceneViewState":{"m_AlwaysRefresh":false,"showFog":true,"showSkybox":false,"showFlares":true,"showImageEffects":true,"showParticleSystems":true,"showVisualEffectGraphs":true,"m_FxEnabled":true},"in2DMode":false,"pivot":{"x":1.9819684028625489,"y":0.2968311607837677,"z":1.2487976551055909},"rotation":{"x":-0.05255472660064697,"y":-0.9462829232215881,"z":0.20391139388084413,"w":-0.2463136464357376},"size":2.4868810176849367,"orthographic":false}