{"cameraMode":{"drawMode":0,"name":"Shaded","section":"Shading Mode"},"sceneLighting":false,"audioPlay":false,"sceneViewState":{"m_AlwaysRefresh":false,"showFog":true,"showSkybox":false,"showFlares":true,"showImageEffects":true,"showParticleSystems":true,"showVisualEffectGraphs":true,"m_FxEnabled":true},"in2DMode":false,"pivot":{"x":89.6199722290039,"y":1036.3594970703125,"z":240.54098510742188},"rotation":{"x":0.12819519639015199,"y":-0.7509961724281311,"z":0.15159526467323304,"w":0.6301236748695374},"size":0.43120017647743227,"orthographic":false}