{"cameraMode":{"drawMode":0,"name":"Shaded","section":"Shading Mode"},"sceneLighting":false,"audioPlay":false,"sceneViewState":{"m_AlwaysRefresh":false,"showFog":true,"showSkybox":false,"showFlares":true,"showImageEffects":true,"showParticleSystems":true,"showVisualEffectGraphs":true,"m_FxEnabled":true},"in2DMode":false,"pivot":{"x":1.3379324674606324,"y":0.5453696250915527,"z":1.6109604835510255},"rotation":{"x":-0.060337457805871966,"y":0.700985848903656,"z":-0.05919594317674637,"w":-0.7084272503852844},"size":0.657124400138855,"orthographic":false}